-- MySQL dump 10.13  Distrib 5.7.26, for Linux (x86_64)
--
-- ------------------------------------------------------
-- Server version	5.6.41-log

/*!40101 SET @OLD_CHARACTER_SET_CLIENT=@@CHARACTER_SET_CLIENT */;
/*!40101 SET @OLD_CHARACTER_SET_RESULTS=@@CHARACTER_SET_RESULTS */;
/*!40101 SET @OLD_COLLATION_CONNECTION=@@COLLATION_CONNECTION */;
/*!40101 SET NAMES utf8 */;
/*!40103 SET @OLD_TIME_ZONE=@@TIME_ZONE */;
/*!40103 SET TIME_ZONE='+00:00' */;
/*!40014 SET @OLD_UNIQUE_CHECKS=@@UNIQUE_CHECKS, UNIQUE_CHECKS=0 */;
/*!40014 SET @OLD_FOREIGN_KEY_CHECKS=@@FOREIGN_KEY_CHECKS, FOREIGN_KEY_CHECKS=0 */;
/*!40101 SET @OLD_SQL_MODE=@@SQL_MODE, SQL_MODE='NO_AUTO_VALUE_ON_ZERO' */;
/*!40111 SET @OLD_SQL_NOTES=@@SQL_NOTES, SQL_NOTES=0 */;

--
-- Current Database: `db_school`
--

CREATE DATABASE /*!32312 IF NOT EXISTS*/ `db_school` /*!40100 DEFAULT CHARACTER SET utf8 */;

USE `db_school`;

--
-- Table structure for table `CHOIR_ATTENDANCE`
--

DROP TABLE IF EXISTS `CHOIR_ATTENDANCE`;
/*!40101 SET @saved_cs_client     = @@character_set_client */;
/*!40101 SET character_set_client = utf8 */;
CREATE TABLE `CHOIR_ATTENDANCE` (
  `WORSHIP_DT` varchar(10) NOT NULL,
  `WORSHIP_CD` varchar(20) DEFAULT NULL,
  `MEMBER_ID` int(11) NOT NULL,
  PRIMARY KEY (`WORSHIP_DT`,`MEMBER_ID`)
) ENGINE=InnoDB DEFAULT CHARSET=utf8;
/*!40101 SET character_set_client = @saved_cs_client */;

--
-- Dumping data for table `CHOIR_ATTENDANCE`
--

LOCK TABLES `CHOIR_ATTENDANCE` WRITE;
/*!40000 ALTER TABLE `CHOIR_ATTENDANCE` DISABLE KEYS */;
INSERT INTO `CHOIR_ATTENDANCE` VALUES ('2019-01-06','WORSHIP',3),('2019-01-06','WORSHIP',4),('2019-01-06','WORSHIP',5),('2019-01-06','WORSHIP',6),('2019-01-06','WORSHIP',10),('2019-01-06','WORSHIP',15),('2019-01-06','WORSHIP',16),('2019-01-06','WORSHIP',17),('2019-01-06','WORSHIP',19),('2019-01-06','WORSHIP',20),('2019-01-13','WORSHIP',5),('2019-01-13','WORSHIP',6),('2019-01-13','WORSHIP',7),('2019-01-13','WORSHIP',8),('2019-01-13','WORSHIP',10),('2019-01-13','WORSHIP',13),('2019-01-13','WORSHIP',16),('2019-01-13','WORSHIP',19),('2019-01-13','WORSHIP',20),('2019-01-20','WORSHIP',3),('2019-01-20','WORSHIP',4),('2019-01-20','WORSHIP',5),('2019-01-20','WORSHIP',6),('2019-01-20','WORSHIP',7),('2019-01-20','WORSHIP',8),('2019-01-20','WORSHIP',10),('2019-01-20','WORSHIP',11),('2019-01-20','WORSHIP',12),('2019-01-20','WORSHIP',13),('2019-01-20','WORSHIP',14),('2019-01-20','WORSHIP',15),('2019-01-20','WORSHIP',19),('2019-01-20','WORSHIP',20),('2019-01-27','WORSHIP',2),('2019-01-27','WORSHIP',3),('2019-01-27','WORSHIP',4),('2019-01-27','WORSHIP',5),('2019-01-27','WORSHIP',7),('2019-01-27','WORSHIP',10),('2019-01-27','WORSHIP',12),('2019-01-27','WORSHIP',14),('2019-01-27','WORSHIP',17),('2019-01-27','WORSHIP',19),('2019-01-27','WORSHIP',20),('2019-01-27','WORSHIP',21),('2019-02-03','WORSHIP',3),('2019-02-03','WORSHIP',4),('2019-02-03','WORSHIP',5),('2019-02-03','WORSHIP',11),('2019-02-03','WORSHIP',12),('2019-02-03','WORSHIP',14),('2019-02-03','WORSHIP',17),('2019-02-03','WORSHIP',18),('2019-02-03','WORSHIP',19),('2019-02-10','WORSHIP',2),('2019-02-10','WORSHIP',3),('2019-02-10','WORSHIP',4),('2019-02-10','WORSHIP',5),('2019-02-10','WORSHIP',6),('2019-02-10','WORSHIP',7),('2019-02-10','WORSHIP',10),('2019-02-10','WORSHIP',11),('2019-02-10','WORSHIP',12),('2019-02-10','WORSHIP',14),('2019-02-10','WORSHIP',16),('2019-02-10','WORSHIP',17),('2019-02-10','WORSHIP',18),('2019-02-10','WORSHIP',19),('2019-02-10','WORSHIP',20),('2019-02-17','WORSHIP',3),('2019-02-17','WORSHIP',4),('2019-02-17','WORSHIP',5),('2019-02-17','WORSHIP',6),('2019-02-17','WORSHIP',7),('2019-02-17','WORSHIP',8),('2019-02-17','WORSHIP',10),('2019-02-17','WORSHIP',11),('2019-02-17','WORSHIP',12),('2019-02-17','WORSHIP',13),('2019-02-17','WORSHIP',14),('2019-02-17','WORSHIP',16),('2019-02-17','WORSHIP',18),('2019-02-17','WORSHIP',19),('2019-02-17','WORSHIP',20),('2019-02-24','WORSHIP',3),('2019-02-24','WORSHIP',4),('2019-02-24','WORSHIP',5),('2019-02-24','WORSHIP',6),('2019-02-24','WORSHIP',7),('2019-02-24','WORSHIP',8),('2019-02-24','WORSHIP',10),('2019-02-24','WORSHIP',11),('2019-02-24','WORSHIP',12),('2019-02-24','WORSHIP',13),('2019-02-24','WORSHIP',14),('2019-02-24','WORSHIP',18),('2019-02-24','WORSHIP',19),('2019-02-24','WORSHIP',20),('2019-02-24','WORSHIP',40),('2019-03-03','WORSHIP',3),('2019-03-03','WORSHIP',4),('2019-03-03','WORSHIP',5),('2019-03-03','WORSHIP',6),('2019-03-03','WORSHIP',7),('2019-03-03','WORSHIP',8),('2019-03-03','WORSHIP',10),('2019-03-03','WORSHIP',14),('2019-03-03','WORSHIP',17),('2019-03-03','WORSHIP',18),('2019-03-03','WORSHIP',19),('2019-03-03','WORSHIP',20),('2019-03-03','WORSHIP',40),('2019-03-10','WORSHIP',2),('2019-03-10','WORSHIP',3),('2019-03-10','WORSHIP',4),('2019-03-10','WORSHIP',5),('2019-03-10','WORSHIP',6),('2019-03-10','WORSHIP',7),('2019-03-10','WORSHIP',8),('2019-03-10','WORSHIP',10),('2019-03-10','WORSHIP',12),('2019-03-10','WORSHIP',13),('2019-03-10','WORSHIP',14),('2019-03-10','WORSHIP',16),('2019-03-10','WORSHIP',18),('2019-03-10','WORSHIP',19),('2019-03-10','WORSHIP',20),('2019-03-10','WORSHIP',41),('2019-03-17','WORSHIP',3),('2019-03-17','WORSHIP',4),('2019-03-17','WORSHIP',5),('2019-03-17','WORSHIP',6),('2019-03-17','WORSHIP',8),('2019-03-17','WORSHIP',10),('2019-03-17','WORSHIP',11),('2019-03-17','WORSHIP',12),('2019-03-17','WORSHIP',14),('2019-03-17','WORSHIP',16),('2019-03-17','WORSHIP',17),('2019-03-17','WORSHIP',18),('2019-03-17','WORSHIP',20),('2019-03-17','WORSHIP',41),('2019-03-17','WORSHIP',43),('2019-03-24','WORSHIP',3),('2019-03-24','WORSHIP',4),('2019-03-24','WORSHIP',5),('2019-03-24','WORSHIP',6),('2019-03-24','WORSHIP',7),('2019-03-24','WORSHIP',8),('2019-03-24','WORSHIP',17),('2019-03-24','WORSHIP',18),('2019-03-24','WORSHIP',19),('2019-03-24','WORSHIP',20),('2019-03-24','WORSHIP',22),('2019-03-31','WORSHIP',3),('2019-03-31','WORSHIP',4),('2019-03-31','WORSHIP',5),('2019-03-31','WORSHIP',8),('2019-03-31','WORSHIP',11),('2019-03-31','WORSHIP',12),('2019-03-31','WORSHIP',14),('2019-03-31','WORSHIP',17),('2019-03-31','WORSHIP',18),('2019-03-31','WORSHIP',19),('2019-03-31','WORSHIP',20),('2019-03-31','WORSHIP',22),('2019-03-31','WORSHIP',43),('2019-04-07','WORSHIP',5),('2019-04-07','WORSHIP',6),('2019-04-07','WORSHIP',7),('2019-04-07','WORSHIP',8),('2019-04-07','WORSHIP',12),('2019-04-07','WORSHIP',14),('2019-04-07','WORSHIP',15),('2019-04-07','WORSHIP',16),('2019-04-07','WORSHIP',18),('2019-04-07','WORSHIP',19),('2019-04-07','WORSHIP',20),('2019-04-07','WORSHIP',41),('2019-04-14','WORSHIP',5),('2019-04-14','WORSHIP',6),('2019-04-14','WORSHIP',7),('2019-04-14','WORSHIP',10),('2019-04-14','WORSHIP',12),('2019-04-14','WORSHIP',13),('2019-04-14','WORSHIP',14),('2019-04-14','WORSHIP',17),('2019-04-14','WORSHIP',18),('2019-04-14','WORSHIP',20),('2019-04-14','WORSHIP',21),('2019-04-14','WORSHIP',44),('2019-04-14','WORSHIP',45),('2019-04-21','WORSHIP',2),('2019-04-21','WORSHIP',5),('2019-04-21','WORSHIP',7),('2019-04-21','WORSHIP',8),('2019-04-21','WORSHIP',10),('2019-04-21','WORSHIP',11),('2019-04-21','WORSHIP',12),('2019-04-21','WORSHIP',13),('2019-04-21','WORSHIP',14),('2019-04-21','WORSHIP',15),('2019-04-21','WORSHIP',16),('2019-04-21','WORSHIP',17),('2019-04-21','WORSHIP',18),('2019-04-21','WORSHIP',20),('2019-04-21','WORSHIP',22),('2019-04-21','WORSHIP',23),('2019-04-21','WORSHIP',44),('2019-04-21','WORSHIP',45),('2019-04-21','WORSHIP',46),('2019-04-28','WORSHIP',2),('2019-04-28','WORSHIP',3),('2019-04-28','WORSHIP',4),('2019-04-28','WORSHIP',5),('2019-04-28','WORSHIP',6),('2019-04-28','WORSHIP',8),('2019-04-28','WORSHIP',10),('2019-04-28','WORSHIP',14),('2019-04-28','WORSHIP',16),('2019-04-28','WORSHIP',17),('2019-04-28','WORSHIP',18),('2019-04-28','WORSHIP',19),('2019-04-28','WORSHIP',20),('2019-04-28','WORSHIP',41),('2019-04-28','WORSHIP',44),('2019-04-28','WORSHIP',45),('2019-05-05','WORSHIP',5),('2019-05-05','WORSHIP',6),('2019-05-05','WORSHIP',7),('2019-05-05','WORSHIP',8),('2019-05-05','WORSHIP',12),('2019-05-05','WORSHIP',13),('2019-05-05','WORSHIP',14),('2019-05-05','WORSHIP',15),('2019-05-05','WORSHIP',17),('2019-05-05','WORSHIP',18),('2019-05-05','WORSHIP',19),('2019-05-05','WORSHIP',20),('2019-05-05','WORSHIP',22),('2019-05-05','WORSHIP',23),('2019-05-05','WORSHIP',41),('2019-05-05','WORSHIP',45),('2019-05-05','WORSHIP',46),('2019-05-12','WORSHIP',2),('2019-05-12','WORSHIP',5),('2019-05-12','WORSHIP',7),('2019-05-12','WORSHIP',8),('2019-05-12','WORSHIP',10),('2019-05-12','WORSHIP',11),('2019-05-12','WORSHIP',12),('2019-05-12','WORSHIP',13),('2019-05-12','WORSHIP',14),('2019-05-12','WORSHIP',15),('2019-05-12','WORSHIP',16),('2019-05-12','WORSHIP',17),('2019-05-12','WORSHIP',18),('2019-05-12','WORSHIP',19),('2019-05-12','WORSHIP',20),('2019-05-12','WORSHIP',23),('2019-05-12','WORSHIP',41),('2019-05-12','WORSHIP',45),('2019-05-19','WORSHIP',4),('2019-05-19','WORSHIP',5),('2019-05-19','WORSHIP',6),('2019-05-19','WORSHIP',7),('2019-05-19','WORSHIP',8),('2019-05-19','WORSHIP',10),('2019-05-19','WORSHIP',12),('2019-05-19','WORSHIP',13),('2019-05-19','WORSHIP',15),('2019-05-19','WORSHIP',18),('2019-05-19','WORSHIP',19),('2019-05-19','WORSHIP',20),('2019-05-19','WORSHIP',22),('2019-05-19','WORSHIP',41),('2019-05-19','WORSHIP',44),('2019-05-19','WORSHIP',45),('2019-05-26','WORSHIP',4),('2019-05-26','WORSHIP',5),('2019-05-26','WORSHIP',6),('2019-05-26','WORSHIP',8),('2019-05-26','WORSHIP',14),('2019-05-26','WORSHIP',15),('2019-05-26','WORSHIP',17),('2019-05-26','WORSHIP',18),('2019-05-26','WORSHIP',20),('2019-05-26','WORSHIP',22),('2019-05-26','WORSHIP',23),('2019-05-26','WORSHIP',41),('2019-05-26','WORSHIP',45);
/*!40000 ALTER TABLE `CHOIR_ATTENDANCE` ENABLE KEYS */;
UNLOCK TABLES;

--
-- Table structure for table `CHOIR_CODE`
--

DROP TABLE IF EXISTS `CHOIR_CODE`;
/*!40101 SET @saved_cs_client     = @@character_set_client */;
/*!40101 SET character_set_client = utf8 */;
CREATE TABLE `CHOIR_CODE` (
  `GRP_CD` varchar(20) NOT NULL,
  `CMN_CD` varchar(20) NOT NULL,
  `CMN_NM` varchar(30) NOT NULL,
  `OPT_1` varchar(30) DEFAULT NULL,
  `OPT_2` varchar(30) DEFAULT NULL,
  `OPT_3` varchar(30) DEFAULT NULL,
  `USE_YN` varchar(1) NOT NULL DEFAULT 'Y',
  `ORDERBY_NO` int(11) NOT NULL,
  PRIMARY KEY (`GRP_CD`,`CMN_CD`)
) ENGINE=InnoDB DEFAULT CHARSET=utf8;
/*!40101 SET character_set_client = @saved_cs_client */;

--
-- Dumping data for table `CHOIR_CODE`
--

LOCK TABLES `CHOIR_CODE` WRITE;
/*!40000 ALTER TABLE `CHOIR_CODE` DISABLE KEYS */;
INSERT INTO `CHOIR_CODE` VALUES ('BAPTISM','BAPTISM','세례','',NULL,NULL,'Y',40),('BAPTISM','INFANT','유아세례','',NULL,NULL,'Y',20),('BAPTISM','LEARNING','학습세례','',NULL,NULL,'Y',30),('BAPTISM','NONE','세례안받음','',NULL,NULL,'Y',10),('GENDER','M','남',NULL,NULL,NULL,'Y',80),('GENDER','W','여',NULL,NULL,NULL,'Y',40),('STATUS','ABSENCE','장기결석',NULL,NULL,NULL,'Y',10),('STATUS','ATTENDENCE','출석중',NULL,NULL,NULL,'Y',20),('STATUS','PART','부분출석',NULL,NULL,NULL,'Y',30);
/*!40000 ALTER TABLE `CHOIR_CODE` ENABLE KEYS */;
UNLOCK TABLES;

--
-- Table structure for table `CHOIR_MEMBER`
--

DROP TABLE IF EXISTS `CHOIR_MEMBER`;
/*!40101 SET @saved_cs_client     = @@character_set_client */;
/*!40101 SET character_set_client = utf8 */;
CREATE TABLE `CHOIR_MEMBER` (
  `MEMBER_ID` int(11) NOT NULL AUTO_INCREMENT,
  `MEMBER_NM` varchar(20) NOT NULL,
  `BIRTHDAY` varchar(20) DEFAULT NULL,
  `PHONE_NO` varchar(20) DEFAULT NULL,
  `E_MAIL` varchar(50) DEFAULT NULL,
  `ADDRESS` mediumtext,
  `PART_CD` varchar(20) NOT NULL,
  `GENDER_CD` varchar(10) DEFAULT 'M',
  `BAPTISM_CD` varchar(20) DEFAULT 'NONE',
  `STATUS_CD` varchar(20) DEFAULT 'ATTENDENCE',
  `MODIFY_DT` date DEFAULT NULL,
  `ETC_MSG` mediumtext,
  `REG_DT` date DEFAULT NULL,
  `FATHER_NM` varchar(20) DEFAULT NULL,
  `FATHER_PHONE` varchar(13) DEFAULT NULL,
  `MOTHER_NM` varchar(20) DEFAULT NULL,
  `MOTHER_PHONE` varchar(20) DEFAULT NULL,
  `SCHOOL` varchar(20) DEFAULT NULL,
  `PHOTO` varchar(45) DEFAULT NULL,
  PRIMARY KEY (`MEMBER_ID`),
  KEY `IDX_STATUS_CD` (`STATUS_CD`),
  KEY `IDX_POSITION_CD` (`GENDER_CD`),
  KEY `IDX_PART_CD` (`PART_CD`),
  KEY `IDX_MEMBER_PART_3` (`PART_CD`,`GENDER_CD`,`BAPTISM_CD`,`STATUS_CD`),
  KEY `IDX_MEMBER_PART_2` (`PART_CD`,`GENDER_CD`,`STATUS_CD`),
  KEY `IDX_MEMBER_PART_1` (`PART_CD`,`STATUS_CD`)
) ENGINE=InnoDB AUTO_INCREMENT=47 DEFAULT CHARSET=utf8;
/*!40101 SET character_set_client = @saved_cs_client */;

--
-- Table structure for table `CHOIR_PART`
--

DROP TABLE IF EXISTS `CHOIR_PART`;
/*!40101 SET @saved_cs_client     = @@character_set_client */;
/*!40101 SET character_set_client = utf8 */;
CREATE TABLE `CHOIR_PART` (
  `PART_CD` varchar(10) NOT NULL DEFAULT '',
  `TEACHER_NM` varchar(20) NOT NULL,
  `PART_NM` varchar(20) NOT NULL,
  `USE_YN` char(1) NOT NULL DEFAULT 'Y',
  `ORDERBY_NO` int(11) NOT NULL,
  PRIMARY KEY (`PART_CD`),
  KEY `idx_USE_YN` (`USE_YN`)
) ENGINE=InnoDB DEFAULT CHARSET=utf8;
/*!40101 SET character_set_client = @saved_cs_client */;

--
-- Dumping data for table `CHOIR_PART`
--

LOCK TABLES `CHOIR_PART` WRITE;
/*!40000 ALTER TABLE `CHOIR_PART` DISABLE KEYS */;
INSERT INTO `CHOIR_PART` VALUES ('1','선생님 T','아브라함반','Y',10),('2','정말좋은 선생님 T','모세반','Y',20);
/*!40000 ALTER TABLE `CHOIR_PART` ENABLE KEYS */;
UNLOCK TABLES;

--
-- Table structure for table `CHOIR_REPORT`
--

DROP TABLE IF EXISTS `CHOIR_REPORT`;
/*!40101 SET @saved_cs_client     = @@character_set_client */;
/*!40101 SET character_set_client = utf8 */;
CREATE TABLE `CHOIR_REPORT` (
  `WORSHIP_DT` varchar(10) NOT NULL,
  `PART_CD` varchar(10) NOT NULL,
  `REPORT` mediumtext,
  PRIMARY KEY (`WORSHIP_DT`,`PART_CD`)
) ENGINE=InnoDB DEFAULT CHARSET=utf8;
/*!40101 SET character_set_client = @saved_cs_client */;

--
-- Dumping data for table `CHOIR_REPORT`
--

--
-- Table structure for table `CHOIR_WORSHIP`
--

DROP TABLE IF EXISTS `CHOIR_WORSHIP`;
/*!40101 SET @saved_cs_client     = @@character_set_client */;
/*!40101 SET character_set_client = utf8 */;
CREATE TABLE `CHOIR_WORSHIP` (
  `WORSHIP_DT` varchar(10) NOT NULL DEFAULT '',
  `WORSHIP_CD` varchar(10) NOT NULL DEFAULT '',
  `INFO` mediumtext,
  `ETC_MSG` mediumtext,
  `LOCK_YN` char(1) NOT NULL DEFAULT 'N',
  PRIMARY KEY (`WORSHIP_DT`)
) ENGINE=InnoDB DEFAULT CHARSET=utf8;
/*!40101 SET character_set_client = @saved_cs_client */;

--
-- Dumping data for table `CHOIR_WORSHIP`
--

LOCK TABLES `CHOIR_WORSHIP` WRITE;
/*!40000 ALTER TABLE `CHOIR_WORSHIP` DISABLE KEYS */;
INSERT INTO `CHOIR_WORSHIP` VALUES ('2019-01-06','WORSHIP','신년예배','','N'),('2019-01-13','WORSHIP','','','N'),('2019-01-20','WORSHIP','','','N'),('2019-01-27','WORSHIP','','','N'),('2019-02-03','WORSHIP','','','N'),('2019-02-10','WORSHIP','','','N'),('2019-02-17','WORSHIP','','','N'),('2019-02-24','WORSHIP','','','N'),('2019-03-03','WORSHIP','','','N'),('2019-03-10','WORSHIP','','','N'),('2019-03-17','WORSHIP','','','N'),('2019-03-24','WORSHIP','','','N'),('2019-03-31','WORSHIP','상반기총동원전도','','N'),('2019-04-07','WORSHIP','','','N'),('2019-04-14','WORSHIP','고난주일','유아세례자\n김성령\n이용언\n유지후\n김시오\n박시현','N'),('2019-04-21','WORSHIP','부활주일','','N'),('2019-04-28','WORSHIP','','','N'),('2019-05-05','WORSHIP','','','N'),('2019-05-12','WORSHIP','','','N'),('2019-05-19','WORSHIP','','','N'),('2019-05-26','WORSHIP','','','N'),('2019-06-02','WORSHIP','','','N'),('2019-06-09','WORSHIP','','','N'),('2019-06-16','WORSHIP','','','N'),('2019-06-23','WORSHIP','','','N'),('2019-06-30','WORSHIP','','','N'),('2019-07-07','WORSHIP','맥추감사','','N'),('2019-07-14','WORSHIP','','','N'),('2019-07-21','WORSHIP','','','N'),('2019-07-28','WORSHIP','','','N'),('2019-08-04','WORSHIP','','','N'),('2019-08-11','WORSHIP','','','N'),('2019-08-18','WORSHIP','','','N'),('2019-08-25','WORSHIP','','','N'),('2019-09-01','WORSHIP','','','N'),('2019-09-08','WORSHIP','','','N'),('2019-09-15','WORSHIP','','','N'),('2019-09-22','WORSHIP','','','N'),('2019-09-29','WORSHIP','','','N'),('2019-10-06','WORSHIP','','','N'),('2019-10-13','WORSHIP','','','N'),('2019-10-20','WORSHIP','','','N'),('2019-10-27','WORSHIP','교사박람회','','N'),('2019-11-03','WORSHIP','','','N'),('2019-11-10','WORSHIP','','','N'),('2019-11-17','WORSHIP','추수감사','','N'),('2019-11-24','WORSHIP','','','N'),('2019-12-01','WORSHIP','','','N'),('2019-12-08','WORSHIP','','','N'),('2019-12-15','WORSHIP','','','N'),('2019-12-22','WORSHIP','','','N'),('2019-12-29','WORSHIP','','','N');
/*!40000 ALTER TABLE `CHOIR_WORSHIP` ENABLE KEYS */;
UNLOCK TABLES;

--
-- Table structure for table `MEETTING_DOC`
--

DROP TABLE IF EXISTS `MEETTING_DOC`;
/*!40101 SET @saved_cs_client     = @@character_set_client */;
/*!40101 SET character_set_client = utf8 */;
CREATE TABLE `MEETTING_DOC` (
  `MEET_SEQ` int(11) NOT NULL AUTO_INCREMENT,
  `MEET_DT` varchar(10) NOT NULL,
  `MEET_TITLE` varchar(1000) NOT NULL,
  `MEET_CONTENTS` mediumtext NOT NULL,
  `REG_DT` date NOT NULL,
  `UPT_DT` date NOT NULL,
  `LOCK_YN` char(1) NOT NULL DEFAULT 'N',
  PRIMARY KEY (`MEET_SEQ`)
) ENGINE=InnoDB DEFAULT CHARSET=utf8;
/*!40101 SET character_set_client = @saved_cs_client */;

--
-- Dumping data for table `MEETTING_DOC`
--

LOCK TABLES `MEETTING_DOC` WRITE;
/*!40000 ALTER TABLE `MEETTING_DOC` DISABLE KEYS */;
/*!40000 ALTER TABLE `MEETTING_DOC` ENABLE KEYS */;
UNLOCK TABLES;
/*!40103 SET TIME_ZONE=@OLD_TIME_ZONE */;

/*!40101 SET SQL_MODE=@OLD_SQL_MODE */;
/*!40014 SET FOREIGN_KEY_CHECKS=@OLD_FOREIGN_KEY_CHECKS */;
/*!40014 SET UNIQUE_CHECKS=@OLD_UNIQUE_CHECKS */;
/*!40101 SET CHARACTER_SET_CLIENT=@OLD_CHARACTER_SET_CLIENT */;
/*!40101 SET CHARACTER_SET_RESULTS=@OLD_CHARACTER_SET_RESULTS */;
/*!40101 SET COLLATION_CONNECTION=@OLD_COLLATION_CONNECTION */;
/*!40111 SET SQL_NOTES=@OLD_SQL_NOTES */;

-- Dump completed on 2019-06-01  9:57:50
